<?xml version="1.0" encoding="UTF-8"?>
<project-private xmlns="http://www.netbeans.org/ns/project-private/1">
    <editor-bookmarks xmlns="http://www.netbeans.org/ns/editor-bookmarks/2" lastBookmarkId="0"/>
    <open-files xmlns="http://www.netbeans.org/ns/projectui-open-files/2">
        <group>
            <file>file:/C:/Users/DELL/Documents/NetBeansProjects/ProjetoPPJavaFx/src/projetoppjavafx/MainRanking.java</file>
            <file>file:/C:/Users/DELL/Documents/NetBeansProjects/ProjetoPPJavaFx/src/projetoppjavafx/MainJogo.java</file>
            <file>file:/C:/Users/DELL/Documents/NetBeansProjects/ProjetoPPJavaFx/src/projetoppjavafx/FXMLRankingController.java</file>
            <file>file:/C:/Users/DELL/Documents/NetBeansProjects/ProjetoPPJavaFx/src/projetoppjavafx/FXMLTelaInicialJogo.fxml</file>
            <file>file:/C:/Users/DELL/Documents/NetBeansProjects/ProjetoPPJavaFx/src/projetoppjavafx/FXMLMenu.fxml</file>
            <file>file:/C:/Users/DELL/Documents/NetBeansProjects/ProjetoPPJavaFx/src/projetoppjavafx/FXMLMenuController.java</file>
            <file>file:/C:/Users/DELL/Documents/NetBeansProjects/ProjetoPPJavaFx/src/projetoppjavafx/ProjetoPPJavaFx.java</file>
            <file>file:/C:/Users/DELL/Documents/NetBeansProjects/ProjetoPPJavaFx/src/projetoppjavafx/FXMLRanking.fxml</file>
            <file>file:/C:/Users/DELL/Documents/NetBeansProjects/ProjetoPPJavaFx/src/projetoppjavafx/MainRegras.java</file>
            <file>file:/C:/Users/DELL/Documents/NetBeansProjects/ProjetoPPJavaFx/src/projetoppjavafx/FXMLRegrasController.java</file>
            <file>file:/C:/Users/DELL/Documents/NetBeansProjects/ProjetoPPJavaFx/src/projetoppjavafx/FXMLTelaInicialJogoController.java</file>
        </group>
    </open-files>
</project-private>
